{"cameraMode":{"drawMode":0,"name":"Shaded","section":"Shading Mode"},"sceneLighting":false,"audioPlay":false,"sceneViewState":{"m_AlwaysRefresh":false,"showFog":true,"showSkybox":false,"showFlares":true,"showImageEffects":true,"showParticleSystems":true,"showVisualEffectGraphs":true,"m_FxEnabled":true},"in2DMode":false,"pivot":{"x":0.3645252585411072,"y":-0.5645620226860046,"z":0.37066248059272768},"rotation":{"x":-0.4073880910873413,"y":-0.2629871070384979,"z":0.12374851107597351,"w":-0.8657731413841248},"size":3.0424294471740724,"orthographic":false}