{"cameraMode":{"drawMode":0,"name":"Shaded","section":"Shading Mode"},"sceneLighting":true,"audioPlay":false,"sceneViewState":{"m_AlwaysRefresh":false,"showFog":true,"showSkybox":true,"showFlares":true,"showImageEffects":true,"showParticleSystems":true,"showVisualEffectGraphs":true,"m_FxEnabled":true},"in2DMode":false,"pivot":{"x":37.047210693359378,"y":-42.157440185546878,"z":31.898517608642579},"rotation":{"x":-0.3493138253688812,"y":-0.20639720559120179,"z":0.07917976379394531,"w":-0.9105656147003174},"size":42.96339416503906,"orthographic":false}