{"cameraMode":{"drawMode":0,"name":"Shaded","section":"Shading Mode"},"sceneLighting":false,"audioPlay":false,"sceneViewState":{"m_AlwaysRefresh":false,"showFog":true,"showSkybox":false,"showFlares":true,"showImageEffects":true,"showParticleSystems":true,"showVisualEffectGraphs":true,"m_FxEnabled":true},"in2DMode":false,"pivot":{"x":0.15918242931365968,"y":0.15912915766239167,"z":-0.1688985973596573},"rotation":{"x":-0.5891921520233154,"y":-0.02132747881114483,"z":0.015559287741780281,"w":-0.8075670599937439},"size":2.1424293518066408,"orthographic":false}